{"cameraMode":{"drawMode":0,"name":"Shaded","section":"Shading Mode"},"sceneLighting":true,"audioPlay":false,"sceneViewState":{"m_AlwaysRefresh":false,"showFog":true,"showSkybox":true,"showFlares":true,"showImageEffects":true,"showParticleSystems":true,"showVisualEffectGraphs":true,"m_FxEnabled":true},"in2DMode":false,"pivot":{"x":3.552358627319336,"y":-2.3094615936279299,"z":0.5080833435058594},"rotation":{"x":-0.038162872195243838,"y":0.9450297355651856,"z":-0.3019992411136627,"w":-0.11941860616207123},"size":23.869609832763673,"orthographic":false}