{"cameraMode":{"drawMode":0,"name":"Shaded","section":"Shading Mode"},"sceneLighting":true,"audioPlay":false,"sceneViewState":{"m_AlwaysRefresh":false,"showFog":true,"showSkybox":true,"showFlares":true,"showImageEffects":true,"showParticleSystems":true,"showVisualEffectGraphs":true,"m_FxEnabled":true},"in2DMode":false,"pivot":{"x":-0.10555267333984375,"y":2.3093109130859377,"z":-6.553812026977539},"rotation":{"x":0.46180593967437746,"y":0.3417842388153076,"z":-0.19879481196403504,"w":0.7939742207527161},"size":10.726975440979004,"orthographic":false}